INSERT INTO queue_numbers (id, number, created_at, updated_at)
VALUES ('entry_queue', 1, CURRENT_TIMESTAMP, CURRENT_TIMESTAMP);

INSERT INTO users (id, user_id, created_at, updated_at)
VALUES (1, '1fa85f64-5717-4562-b3fc-2c963f66afa1', CURRENT_TIMESTAMP, CURRENT_TIMESTAMP),
       (2, '2d9c5c0f-9b42-401e-8c4f-bfa171de1f32', CURRENT_TIMESTAMP, CURRENT_TIMESTAMP),
       (3, '3e9f4b2e-72f6-402b-964f-0c5f4a802cb3', CURRENT_TIMESTAMP, CURRENT_TIMESTAMP),
       (4, '1d66ec3c-4928-4a26-9179-dda6c3494176', CURRENT_TIMESTAMP, CURRENT_TIMESTAMP),
       (5, 'af96ecac-cda2-4ae7-a4de-4631306c8eeb', CURRENT_TIMESTAMP, CURRENT_TIMESTAMP),
       (6, '4091cfc6-a8e1-4e70-b3b5-ad78e21ae806', CURRENT_TIMESTAMP, CURRENT_TIMESTAMP),
       (7, '74710ede-b3f3-44ab-b53c-1690cc5370a6', CURRENT_TIMESTAMP, CURRENT_TIMESTAMP),
       (8, 'a93bd573-a2ca-4f1a-8ebe-6c144bb092ac', CURRENT_TIMESTAMP, CURRENT_TIMESTAMP),
       (9, 'b74295ac-0053-47bf-b4d3-695f7491e010', CURRENT_TIMESTAMP, CURRENT_TIMESTAMP),
       (10, '6432e3d6-6620-4d67-9ab1-62b3f849adda', CURRENT_TIMESTAMP, CURRENT_TIMESTAMP),
       (11, '99c348d7-5d9f-4deb-b3dd-396cae09d7e3', CURRENT_TIMESTAMP, CURRENT_TIMESTAMP),
       (12, '0b93925c-20da-41ad-b934-447afea2e5ff', CURRENT_TIMESTAMP, CURRENT_TIMESTAMP),
       (13, '1b09ee90-8cc7-4df8-8e40-8d3236a2e60f', CURRENT_TIMESTAMP, CURRENT_TIMESTAMP),
       (14, '6775d80a-6f53-4d4d-9667-40f145ab2477', CURRENT_TIMESTAMP, CURRENT_TIMESTAMP),
       (15, 'ca20645b-340f-4295-8c9c-02609c869059', CURRENT_TIMESTAMP, CURRENT_TIMESTAMP),
       (16, '1700f0f0-5cec-41ab-afaa-9e41613c1c56', CURRENT_TIMESTAMP, CURRENT_TIMESTAMP),
       (17, 'fa3d20a3-97e1-4293-98cb-7633c786ec67', CURRENT_TIMESTAMP, CURRENT_TIMESTAMP),
       (18, 'a0a0a4ce-1c5d-40da-974c-ba4bcf12b6f1', CURRENT_TIMESTAMP, CURRENT_TIMESTAMP),
       (19, '2963f350-17f8-4386-a21d-e06da8fa61a8', CURRENT_TIMESTAMP, CURRENT_TIMESTAMP),
       (20, '6c6ee660-92fc-4d26-bc31-211f6622c3d8', CURRENT_TIMESTAMP, CURRENT_TIMESTAMP),
       (21, '45502c52-2631-46a6-bffa-4cb858c7e54b', CURRENT_TIMESTAMP, CURRENT_TIMESTAMP),
       (22, '2dfb2432-da42-4d10-93a4-9e51ba2ee581', CURRENT_TIMESTAMP, CURRENT_TIMESTAMP),
       (23, '10fdc50e-7285-4d06-bf08-cd6ffa5d2f22', CURRENT_TIMESTAMP, CURRENT_TIMESTAMP),
       (24, '40dfeabc-51da-4f14-8c89-3a2773fb0042', CURRENT_TIMESTAMP, CURRENT_TIMESTAMP),
       (25, '9d2c287e-0387-4f04-923a-0e85b4256275', CURRENT_TIMESTAMP, CURRENT_TIMESTAMP),
       (26, 'ad566e35-824c-4425-a348-1e46f8d2d338', CURRENT_TIMESTAMP, CURRENT_TIMESTAMP),
       (27, '69d3c715-098b-40d9-865f-790697e0adb2', CURRENT_TIMESTAMP, CURRENT_TIMESTAMP),
       (28, '927b247d-c2f3-494a-81aa-5d3c94d83e51', CURRENT_TIMESTAMP, CURRENT_TIMESTAMP),
       (29, '2262c754-e46e-4769-9a16-c017b0078815', CURRENT_TIMESTAMP, CURRENT_TIMESTAMP),
       (30, '361cd862-13bf-4f82-83aa-40b89cf5a806', CURRENT_TIMESTAMP, CURRENT_TIMESTAMP),
       (31, '168446c0-5bd7-4cd4-91b8-b443de007d02', CURRENT_TIMESTAMP, CURRENT_TIMESTAMP),
       (32, '00143d37-42d7-44d4-bf24-99be0852a589', CURRENT_TIMESTAMP, CURRENT_TIMESTAMP),
       (33, '9753a417-415a-4534-a848-3f1f5dfeb2b9', CURRENT_TIMESTAMP, CURRENT_TIMESTAMP),
       (34, 'f0d978f0-10f9-4fc2-aca2-537c805c7bdd', CURRENT_TIMESTAMP, CURRENT_TIMESTAMP),
       (35, 'bf7fae16-e1e6-4cae-adf1-d255fe7c8068', CURRENT_TIMESTAMP, CURRENT_TIMESTAMP),
       (36, 'd1cf080e-c163-454d-be42-b743d6a7a352', CURRENT_TIMESTAMP, CURRENT_TIMESTAMP),
       (37, 'cc74a36a-abbe-4af4-a61d-a50da446d38a', CURRENT_TIMESTAMP, CURRENT_TIMESTAMP),
       (38, '8f0022e8-fe80-4f21-927f-8724ce29ba33', CURRENT_TIMESTAMP, CURRENT_TIMESTAMP),
       (39, '63077918-f447-4845-a621-8ced691151dd', CURRENT_TIMESTAMP, CURRENT_TIMESTAMP),
       (40, 'd12f380b-faf4-4114-b877-cb8250bc802e', CURRENT_TIMESTAMP, CURRENT_TIMESTAMP),
       (41, 'be4f7db5-ae6d-4289-ad33-7d60d800c1da', CURRENT_TIMESTAMP, CURRENT_TIMESTAMP),
       (42, '29372c33-db9f-404a-835b-2611683bbce3', CURRENT_TIMESTAMP, CURRENT_TIMESTAMP),
       (43, 'ad552f42-6a2d-4101-8b3d-cefee30f2431', CURRENT_TIMESTAMP, CURRENT_TIMESTAMP),
       (44, '10cae93e-3fd5-46cf-be14-bf90d44e3322', CURRENT_TIMESTAMP, CURRENT_TIMESTAMP),
       (45, '914f70fa-599a-4b67-9de5-c894333889bc', CURRENT_TIMESTAMP, CURRENT_TIMESTAMP),
       (46, 'dcf08b63-80dd-4288-8256-293d1352049f', CURRENT_TIMESTAMP, CURRENT_TIMESTAMP),
       (47, 'fba15773-a2e9-43d4-af81-9b4900fc7a5f', CURRENT_TIMESTAMP, CURRENT_TIMESTAMP),
       (48, '1c6694b1-39eb-4338-8c87-95a02a1e7d4d', CURRENT_TIMESTAMP, CURRENT_TIMESTAMP),
       (49, '9b822f96-80ed-45ba-982e-04578ad1956c', CURRENT_TIMESTAMP, CURRENT_TIMESTAMP),
       (50, '3274abc9-04c4-4f79-b495-eee361d42545', CURRENT_TIMESTAMP, CURRENT_TIMESTAMP),
       (51, '88cd0a34-0948-4615-8d36-38b12f08cd0e', CURRENT_TIMESTAMP, CURRENT_TIMESTAMP),
       (52, 'f2d1c4f1-f4b5-4968-85a1-e3a43a3eceb6', CURRENT_TIMESTAMP, CURRENT_TIMESTAMP),
       (53, '427911f6-366d-4e68-b2e1-0d7f9cbf8990', CURRENT_TIMESTAMP, CURRENT_TIMESTAMP),
       (54, 'eb432658-47cd-4344-bdb7-092911f4057b', CURRENT_TIMESTAMP, CURRENT_TIMESTAMP),
       (55, '41e737fd-cfde-4a42-9de7-75ca249ad006', CURRENT_TIMESTAMP, CURRENT_TIMESTAMP);

INSERT INTO point_wallets (user_id, balance, created_at, updated_at, version)
SELECT user_id, 0, CURRENT_TIMESTAMP, CURRENT_TIMESTAMP, 0
FROM users;

INSERT INTO seats (id, number, price, created_at, updated_at)
VALUES (1, 1, 10000, CURRENT_TIMESTAMP, CURRENT_TIMESTAMP),
       (2, 2, 10000, CURRENT_TIMESTAMP, CURRENT_TIMESTAMP),
       (3, 3, 10000, CURRENT_TIMESTAMP, CURRENT_TIMESTAMP),
       (4, 4, 10000, CURRENT_TIMESTAMP, CURRENT_TIMESTAMP),
       (5, 5, 10000, CURRENT_TIMESTAMP, CURRENT_TIMESTAMP),
       (6, 6, 10000, CURRENT_TIMESTAMP, CURRENT_TIMESTAMP),
       (7, 7, 10000, CURRENT_TIMESTAMP, CURRENT_TIMESTAMP),
       (8, 8, 10000, CURRENT_TIMESTAMP, CURRENT_TIMESTAMP),
       (9, 9, 10000, CURRENT_TIMESTAMP, CURRENT_TIMESTAMP),
       (10, 10, 10000, CURRENT_TIMESTAMP, CURRENT_TIMESTAMP),
       (11, 11, 10000, CURRENT_TIMESTAMP, CURRENT_TIMESTAMP),
       (12, 12, 10000, CURRENT_TIMESTAMP, CURRENT_TIMESTAMP),
       (13, 13, 10000, CURRENT_TIMESTAMP, CURRENT_TIMESTAMP),
       (14, 14, 10000, CURRENT_TIMESTAMP, CURRENT_TIMESTAMP),
       (15, 15, 10000, CURRENT_TIMESTAMP, CURRENT_TIMESTAMP),
       (16, 16, 10000, CURRENT_TIMESTAMP, CURRENT_TIMESTAMP),
       (17, 17, 10000, CURRENT_TIMESTAMP, CURRENT_TIMESTAMP),
       (18, 18, 10000, CURRENT_TIMESTAMP, CURRENT_TIMESTAMP),
       (19, 19, 10000, CURRENT_TIMESTAMP, CURRENT_TIMESTAMP),
       (20, 20, 10000, CURRENT_TIMESTAMP, CURRENT_TIMESTAMP),
       (21, 21, 10000, CURRENT_TIMESTAMP, CURRENT_TIMESTAMP),
       (22, 22, 10000, CURRENT_TIMESTAMP, CURRENT_TIMESTAMP),
       (23, 23, 10000, CURRENT_TIMESTAMP, CURRENT_TIMESTAMP),
       (24, 24, 10000, CURRENT_TIMESTAMP, CURRENT_TIMESTAMP),
       (25, 25, 10000, CURRENT_TIMESTAMP, CURRENT_TIMESTAMP),
       (26, 26, 15000, CURRENT_TIMESTAMP, CURRENT_TIMESTAMP),
       (27, 27, 15000, CURRENT_TIMESTAMP, CURRENT_TIMESTAMP),
       (28, 28, 15000, CURRENT_TIMESTAMP, CURRENT_TIMESTAMP),
       (29, 29, 15000, CURRENT_TIMESTAMP, CURRENT_TIMESTAMP),
       (30, 30, 15000, CURRENT_TIMESTAMP, CURRENT_TIMESTAMP),
       (31, 31, 15000, CURRENT_TIMESTAMP, CURRENT_TIMESTAMP),
       (32, 32, 15000, CURRENT_TIMESTAMP, CURRENT_TIMESTAMP),
       (33, 33, 15000, CURRENT_TIMESTAMP, CURRENT_TIMESTAMP),
       (34, 34, 15000, CURRENT_TIMESTAMP, CURRENT_TIMESTAMP),
       (35, 35, 15000, CURRENT_TIMESTAMP, CURRENT_TIMESTAMP),
       (36, 36, 15000, CURRENT_TIMESTAMP, CURRENT_TIMESTAMP),
       (37, 37, 15000, CURRENT_TIMESTAMP, CURRENT_TIMESTAMP),
       (38, 38, 15000, CURRENT_TIMESTAMP, CURRENT_TIMESTAMP),
       (39, 39, 15000, CURRENT_TIMESTAMP, CURRENT_TIMESTAMP),
       (40, 40, 15000, CURRENT_TIMESTAMP, CURRENT_TIMESTAMP),
       (41, 41, 15000, CURRENT_TIMESTAMP, CURRENT_TIMESTAMP),
       (42, 42, 15000, CURRENT_TIMESTAMP, CURRENT_TIMESTAMP),
       (43, 43, 15000, CURRENT_TIMESTAMP, CURRENT_TIMESTAMP),
       (44, 44, 15000, CURRENT_TIMESTAMP, CURRENT_TIMESTAMP),
       (45, 45, 15000, CURRENT_TIMESTAMP, CURRENT_TIMESTAMP),
       (46, 46, 15000, CURRENT_TIMESTAMP, CURRENT_TIMESTAMP),
       (47, 47, 15000, CURRENT_TIMESTAMP, CURRENT_TIMESTAMP),
       (48, 48, 15000, CURRENT_TIMESTAMP, CURRENT_TIMESTAMP),
       (49, 49, 15000, CURRENT_TIMESTAMP, CURRENT_TIMESTAMP),
       (50, 50, 15000, CURRENT_TIMESTAMP, CURRENT_TIMESTAMP);

INSERT INTO concerts (id, title, created_at, updated_at)
VALUES (1, 'Rock Festival 2025', CURRENT_TIMESTAMP, CURRENT_TIMESTAMP),
       (2, 'Smooth Jazz Evening', CURRENT_TIMESTAMP, CURRENT_TIMESTAMP);

INSERT INTO concert_schedules (id, concert_id, date, created_at, updated_at)
VALUES (1, 1, (CURRENT_DATE + INTERVAL 1 DAY), CURRENT_TIMESTAMP, CURRENT_TIMESTAMP),
       (2, 1, (CURRENT_DATE + INTERVAL 2 DAY), CURRENT_TIMESTAMP, CURRENT_TIMESTAMP),
       (3, 2, (CURRENT_DATE + INTERVAL 5 DAY), CURRENT_TIMESTAMP, CURRENT_TIMESTAMP);

INSERT INTO concert_seats (id, schedule_id, seat_id, status, created_at, updated_at)
VALUES (1, 1, 1, 'AVAILABLE', CURRENT_TIMESTAMP, CURRENT_TIMESTAMP),
       (2, 1, 2, 'AVAILABLE', CURRENT_TIMESTAMP, CURRENT_TIMESTAMP),
       (3, 1, 3, 'AVAILABLE', CURRENT_TIMESTAMP, CURRENT_TIMESTAMP),
       (4, 1, 4, 'AVAILABLE', CURRENT_TIMESTAMP, CURRENT_TIMESTAMP),
       (5, 1, 5, 'AVAILABLE', CURRENT_TIMESTAMP, CURRENT_TIMESTAMP),
       (6, 1, 6, 'AVAILABLE', CURRENT_TIMESTAMP, CURRENT_TIMESTAMP),
       (7, 1, 7, 'AVAILABLE', CURRENT_TIMESTAMP, CURRENT_TIMESTAMP),
       (8, 1, 8, 'AVAILABLE', CURRENT_TIMESTAMP, CURRENT_TIMESTAMP),
       (9, 1, 9, 'AVAILABLE', CURRENT_TIMESTAMP, CURRENT_TIMESTAMP),
       (10, 1, 10, 'AVAILABLE', CURRENT_TIMESTAMP, CURRENT_TIMESTAMP),
       (11, 1, 11, 'AVAILABLE', CURRENT_TIMESTAMP, CURRENT_TIMESTAMP),
       (12, 1, 12, 'AVAILABLE', CURRENT_TIMESTAMP, CURRENT_TIMESTAMP),
       (13, 1, 13, 'AVAILABLE', CURRENT_TIMESTAMP, CURRENT_TIMESTAMP),
       (14, 1, 14, 'AVAILABLE', CURRENT_TIMESTAMP, CURRENT_TIMESTAMP),
       (15, 1, 15, 'AVAILABLE', CURRENT_TIMESTAMP, CURRENT_TIMESTAMP),
       (16, 1, 16, 'AVAILABLE', CURRENT_TIMESTAMP, CURRENT_TIMESTAMP),
       (17, 1, 17, 'AVAILABLE', CURRENT_TIMESTAMP, CURRENT_TIMESTAMP),
       (18, 1, 18, 'AVAILABLE', CURRENT_TIMESTAMP, CURRENT_TIMESTAMP),
       (19, 1, 19, 'AVAILABLE', CURRENT_TIMESTAMP, CURRENT_TIMESTAMP),
       (20, 1, 20, 'AVAILABLE', CURRENT_TIMESTAMP, CURRENT_TIMESTAMP),
       (21, 1, 21, 'AVAILABLE', CURRENT_TIMESTAMP, CURRENT_TIMESTAMP),
       (22, 1, 22, 'AVAILABLE', CURRENT_TIMESTAMP, CURRENT_TIMESTAMP),
       (23, 1, 23, 'AVAILABLE', CURRENT_TIMESTAMP, CURRENT_TIMESTAMP),
       (24, 1, 24, 'AVAILABLE', CURRENT_TIMESTAMP, CURRENT_TIMESTAMP),
       (25, 1, 25, 'AVAILABLE', CURRENT_TIMESTAMP, CURRENT_TIMESTAMP),
       (26, 1, 26, 'AVAILABLE', CURRENT_TIMESTAMP, CURRENT_TIMESTAMP),
       (27, 1, 27, 'AVAILABLE', CURRENT_TIMESTAMP, CURRENT_TIMESTAMP),
       (28, 1, 28, 'AVAILABLE', CURRENT_TIMESTAMP, CURRENT_TIMESTAMP),
       (29, 1, 29, 'AVAILABLE', CURRENT_TIMESTAMP, CURRENT_TIMESTAMP),
       (30, 1, 30, 'AVAILABLE', CURRENT_TIMESTAMP, CURRENT_TIMESTAMP),
       (31, 1, 31, 'AVAILABLE', CURRENT_TIMESTAMP, CURRENT_TIMESTAMP),
       (32, 1, 32, 'AVAILABLE', CURRENT_TIMESTAMP, CURRENT_TIMESTAMP),
       (33, 1, 33, 'AVAILABLE', CURRENT_TIMESTAMP, CURRENT_TIMESTAMP),
       (34, 1, 34, 'AVAILABLE', CURRENT_TIMESTAMP, CURRENT_TIMESTAMP),
       (35, 1, 35, 'AVAILABLE', CURRENT_TIMESTAMP, CURRENT_TIMESTAMP),
       (36, 1, 36, 'AVAILABLE', CURRENT_TIMESTAMP, CURRENT_TIMESTAMP),
       (37, 1, 37, 'AVAILABLE', CURRENT_TIMESTAMP, CURRENT_TIMESTAMP),
       (38, 1, 38, 'AVAILABLE', CURRENT_TIMESTAMP, CURRENT_TIMESTAMP),
       (39, 1, 39, 'AVAILABLE', CURRENT_TIMESTAMP, CURRENT_TIMESTAMP),
       (40, 1, 40, 'AVAILABLE', CURRENT_TIMESTAMP, CURRENT_TIMESTAMP);

INSERT INTO concert_seats (id, schedule_id, seat_id, status, created_at, updated_at)
VALUES (41, 2, 41, 'AVAILABLE', CURRENT_TIMESTAMP, CURRENT_TIMESTAMP),
       (42, 2, 42, 'AVAILABLE', CURRENT_TIMESTAMP, CURRENT_TIMESTAMP),
       (43, 2, 43, 'AVAILABLE', CURRENT_TIMESTAMP, CURRENT_TIMESTAMP),
       (44, 2, 44, 'AVAILABLE', CURRENT_TIMESTAMP, CURRENT_TIMESTAMP),
       (45, 2, 45, 'AVAILABLE', CURRENT_TIMESTAMP, CURRENT_TIMESTAMP),
       (46, 2, 46, 'AVAILABLE', CURRENT_TIMESTAMP, CURRENT_TIMESTAMP),
       (47, 2, 47, 'AVAILABLE', CURRENT_TIMESTAMP, CURRENT_TIMESTAMP),
       (48, 2, 48, 'AVAILABLE', CURRENT_TIMESTAMP, CURRENT_TIMESTAMP),
       (49, 2, 49, 'AVAILABLE', CURRENT_TIMESTAMP, CURRENT_TIMESTAMP),
       (50, 2, 50, 'AVAILABLE', CURRENT_TIMESTAMP, CURRENT_TIMESTAMP);

INSERT INTO concert_seats (id, schedule_id, seat_id, status, created_at, updated_at)
VALUES (51, 3, 26, 'AVAILABLE', CURRENT_TIMESTAMP, CURRENT_TIMESTAMP),
       (52, 3, 27, 'AVAILABLE', CURRENT_TIMESTAMP, CURRENT_TIMESTAMP),
       (53, 3, 28, 'AVAILABLE', CURRENT_TIMESTAMP, CURRENT_TIMESTAMP),
       (54, 3, 29, 'AVAILABLE', CURRENT_TIMESTAMP, CURRENT_TIMESTAMP),
       (55, 3, 30, 'AVAILABLE', CURRENT_TIMESTAMP, CURRENT_TIMESTAMP),
       (56, 3, 31, 'AVAILABLE', CURRENT_TIMESTAMP, CURRENT_TIMESTAMP),
       (57, 3, 32, 'AVAILABLE', CURRENT_TIMESTAMP, CURRENT_TIMESTAMP),
       (58, 3, 33, 'AVAILABLE', CURRENT_TIMESTAMP, CURRENT_TIMESTAMP),
       (59, 3, 34, 'AVAILABLE', CURRENT_TIMESTAMP, CURRENT_TIMESTAMP),
       (60, 3, 35, 'AVAILABLE', CURRENT_TIMESTAMP, CURRENT_TIMESTAMP);
