INSERT INTO users (id, user_id, created_at, updated_at)
VALUES (1, '1fa85f64-5717-4562-b3fc-2c963f66afa1', CURRENT_TIMESTAMP, CURRENT_TIMESTAMP),
       (2, '2d9c5c0f-9b42-401e-8c4f-bfa171de1f32', CURRENT_TIMESTAMP, CURRENT_TIMESTAMP),
       (3, '3e9f4b2e-72f6-402b-964f-0c5f4a802cb3', CURRENT_TIMESTAMP, CURRENT_TIMESTAMP);

INSERT INTO seats (id, number, price, created_at, updated_at)
VALUES (1, 1, 10000, CURRENT_TIMESTAMP, CURRENT_TIMESTAMP),
       (2, 2, 10000, CURRENT_TIMESTAMP, CURRENT_TIMESTAMP),
       (3, 3, 10000, CURRENT_TIMESTAMP, CURRENT_TIMESTAMP),
       (4, 4, 10000, CURRENT_TIMESTAMP, CURRENT_TIMESTAMP),
       (5, 5, 10000, CURRENT_TIMESTAMP, CURRENT_TIMESTAMP),
       (6, 6, 10000, CURRENT_TIMESTAMP, CURRENT_TIMESTAMP),
       (7, 7, 10000, CURRENT_TIMESTAMP, CURRENT_TIMESTAMP),
       (8, 8, 10000, CURRENT_TIMESTAMP, CURRENT_TIMESTAMP),
       (9, 9, 10000, CURRENT_TIMESTAMP, CURRENT_TIMESTAMP),
       (10, 10, 10000, CURRENT_TIMESTAMP, CURRENT_TIMESTAMP),
       (11, 11, 10000, CURRENT_TIMESTAMP, CURRENT_TIMESTAMP),
       (12, 12, 10000, CURRENT_TIMESTAMP, CURRENT_TIMESTAMP),
       (13, 13, 10000, CURRENT_TIMESTAMP, CURRENT_TIMESTAMP),
       (14, 14, 10000, CURRENT_TIMESTAMP, CURRENT_TIMESTAMP),
       (15, 15, 10000, CURRENT_TIMESTAMP, CURRENT_TIMESTAMP),
       (16, 16, 10000, CURRENT_TIMESTAMP, CURRENT_TIMESTAMP),
       (17, 17, 10000, CURRENT_TIMESTAMP, CURRENT_TIMESTAMP),
       (18, 18, 10000, CURRENT_TIMESTAMP, CURRENT_TIMESTAMP),
       (19, 19, 10000, CURRENT_TIMESTAMP, CURRENT_TIMESTAMP),
       (20, 20, 10000, CURRENT_TIMESTAMP, CURRENT_TIMESTAMP),
       (21, 21, 10000, CURRENT_TIMESTAMP, CURRENT_TIMESTAMP),
       (22, 22, 10000, CURRENT_TIMESTAMP, CURRENT_TIMESTAMP),
       (23, 23, 10000, CURRENT_TIMESTAMP, CURRENT_TIMESTAMP),
       (24, 24, 10000, CURRENT_TIMESTAMP, CURRENT_TIMESTAMP),
       (25, 25, 10000, CURRENT_TIMESTAMP, CURRENT_TIMESTAMP),
       (26, 26, 15000, CURRENT_TIMESTAMP, CURRENT_TIMESTAMP),
       (27, 27, 15000, CURRENT_TIMESTAMP, CURRENT_TIMESTAMP),
       (28, 28, 15000, CURRENT_TIMESTAMP, CURRENT_TIMESTAMP),
       (29, 29, 15000, CURRENT_TIMESTAMP, CURRENT_TIMESTAMP),
       (30, 30, 15000, CURRENT_TIMESTAMP, CURRENT_TIMESTAMP),
       (31, 31, 15000, CURRENT_TIMESTAMP, CURRENT_TIMESTAMP),
       (32, 32, 15000, CURRENT_TIMESTAMP, CURRENT_TIMESTAMP),
       (33, 33, 15000, CURRENT_TIMESTAMP, CURRENT_TIMESTAMP),
       (34, 34, 15000, CURRENT_TIMESTAMP, CURRENT_TIMESTAMP),
       (35, 35, 15000, CURRENT_TIMESTAMP, CURRENT_TIMESTAMP),
       (36, 36, 15000, CURRENT_TIMESTAMP, CURRENT_TIMESTAMP),
       (37, 37, 15000, CURRENT_TIMESTAMP, CURRENT_TIMESTAMP),
       (38, 38, 15000, CURRENT_TIMESTAMP, CURRENT_TIMESTAMP),
       (39, 39, 15000, CURRENT_TIMESTAMP, CURRENT_TIMESTAMP),
       (40, 40, 15000, CURRENT_TIMESTAMP, CURRENT_TIMESTAMP),
       (41, 41, 15000, CURRENT_TIMESTAMP, CURRENT_TIMESTAMP),
       (42, 42, 15000, CURRENT_TIMESTAMP, CURRENT_TIMESTAMP),
       (43, 43, 15000, CURRENT_TIMESTAMP, CURRENT_TIMESTAMP),
       (44, 44, 15000, CURRENT_TIMESTAMP, CURRENT_TIMESTAMP),
       (45, 45, 15000, CURRENT_TIMESTAMP, CURRENT_TIMESTAMP),
       (46, 46, 15000, CURRENT_TIMESTAMP, CURRENT_TIMESTAMP),
       (47, 47, 15000, CURRENT_TIMESTAMP, CURRENT_TIMESTAMP),
       (48, 48, 15000, CURRENT_TIMESTAMP, CURRENT_TIMESTAMP),
       (49, 49, 15000, CURRENT_TIMESTAMP, CURRENT_TIMESTAMP),
       (50, 50, 15000, CURRENT_TIMESTAMP, CURRENT_TIMESTAMP);

INSERT INTO concerts (id, title, created_at, updated_at)
VALUES (1, 'Rock Festival 2025', CURRENT_TIMESTAMP, CURRENT_TIMESTAMP),
       (2, 'Smooth Jazz Evening', CURRENT_TIMESTAMP, CURRENT_TIMESTAMP);

INSERT INTO concert_schedules (id, concert_id, date, created_at, updated_at)
VALUES (1, 1, '2025-08-15', CURRENT_TIMESTAMP, CURRENT_TIMESTAMP),
       (2, 1, '2025-08-16', CURRENT_TIMESTAMP, CURRENT_TIMESTAMP),
       (3, 2, '2025-08-20', CURRENT_TIMESTAMP, CURRENT_TIMESTAMP);

INSERT INTO concert_seats (id, schedule_id, seat_id, status, created_at, updated_at)
VALUES (1, 1, 1, 'AVAILABLE', CURRENT_TIMESTAMP, CURRENT_TIMESTAMP),
       (2, 1, 2, 'AVAILABLE', CURRENT_TIMESTAMP, CURRENT_TIMESTAMP),
       (3, 1, 3, 'AVAILABLE', CURRENT_TIMESTAMP, CURRENT_TIMESTAMP),
       (4, 1, 4, 'AVAILABLE', CURRENT_TIMESTAMP, CURRENT_TIMESTAMP),
       (5, 1, 5, 'AVAILABLE', CURRENT_TIMESTAMP, CURRENT_TIMESTAMP),
       (6, 1, 6, 'AVAILABLE', CURRENT_TIMESTAMP, CURRENT_TIMESTAMP),
       (7, 1, 7, 'AVAILABLE', CURRENT_TIMESTAMP, CURRENT_TIMESTAMP),
       (8, 1, 8, 'AVAILABLE', CURRENT_TIMESTAMP, CURRENT_TIMESTAMP),
       (9, 1, 9, 'AVAILABLE', CURRENT_TIMESTAMP, CURRENT_TIMESTAMP),
       (10, 1, 10, 'AVAILABLE', CURRENT_TIMESTAMP, CURRENT_TIMESTAMP),
       (11, 1, 11, 'AVAILABLE', CURRENT_TIMESTAMP, CURRENT_TIMESTAMP),
       (12, 1, 12, 'AVAILABLE', CURRENT_TIMESTAMP, CURRENT_TIMESTAMP),
       (13, 1, 13, 'AVAILABLE', CURRENT_TIMESTAMP, CURRENT_TIMESTAMP),
       (14, 1, 14, 'AVAILABLE', CURRENT_TIMESTAMP, CURRENT_TIMESTAMP),
       (15, 1, 15, 'AVAILABLE', CURRENT_TIMESTAMP, CURRENT_TIMESTAMP),
       (16, 1, 16, 'AVAILABLE', CURRENT_TIMESTAMP, CURRENT_TIMESTAMP),
       (17, 1, 17, 'AVAILABLE', CURRENT_TIMESTAMP, CURRENT_TIMESTAMP),
       (18, 1, 18, 'AVAILABLE', CURRENT_TIMESTAMP, CURRENT_TIMESTAMP),
       (19, 1, 19, 'AVAILABLE', CURRENT_TIMESTAMP, CURRENT_TIMESTAMP),
       (20, 1, 20, 'AVAILABLE', CURRENT_TIMESTAMP, CURRENT_TIMESTAMP),
       (21, 1, 21, 'AVAILABLE', CURRENT_TIMESTAMP, CURRENT_TIMESTAMP),
       (22, 1, 22, 'AVAILABLE', CURRENT_TIMESTAMP, CURRENT_TIMESTAMP),
       (23, 1, 23, 'AVAILABLE', CURRENT_TIMESTAMP, CURRENT_TIMESTAMP),
       (24, 1, 24, 'AVAILABLE', CURRENT_TIMESTAMP, CURRENT_TIMESTAMP),
       (25, 1, 25, 'AVAILABLE', CURRENT_TIMESTAMP, CURRENT_TIMESTAMP),
       (26, 1, 26, 'AVAILABLE', CURRENT_TIMESTAMP, CURRENT_TIMESTAMP),
       (27, 1, 27, 'AVAILABLE', CURRENT_TIMESTAMP, CURRENT_TIMESTAMP),
       (28, 1, 28, 'AVAILABLE', CURRENT_TIMESTAMP, CURRENT_TIMESTAMP),
       (29, 1, 29, 'AVAILABLE', CURRENT_TIMESTAMP, CURRENT_TIMESTAMP),
       (30, 1, 30, 'AVAILABLE', CURRENT_TIMESTAMP, CURRENT_TIMESTAMP),
       (31, 1, 31, 'AVAILABLE', CURRENT_TIMESTAMP, CURRENT_TIMESTAMP),
       (32, 1, 32, 'AVAILABLE', CURRENT_TIMESTAMP, CURRENT_TIMESTAMP),
       (33, 1, 33, 'AVAILABLE', CURRENT_TIMESTAMP, CURRENT_TIMESTAMP),
       (34, 1, 34, 'AVAILABLE', CURRENT_TIMESTAMP, CURRENT_TIMESTAMP),
       (35, 1, 35, 'AVAILABLE', CURRENT_TIMESTAMP, CURRENT_TIMESTAMP),
       (36, 1, 36, 'AVAILABLE', CURRENT_TIMESTAMP, CURRENT_TIMESTAMP),
       (37, 1, 37, 'AVAILABLE', CURRENT_TIMESTAMP, CURRENT_TIMESTAMP),
       (38, 1, 38, 'AVAILABLE', CURRENT_TIMESTAMP, CURRENT_TIMESTAMP),
       (39, 1, 39, 'AVAILABLE', CURRENT_TIMESTAMP, CURRENT_TIMESTAMP),
       (40, 1, 40, 'AVAILABLE', CURRENT_TIMESTAMP, CURRENT_TIMESTAMP);

INSERT INTO concert_seats (id, schedule_id, seat_id, status, created_at, updated_at)
VALUES (41, 2, 41, 'AVAILABLE', CURRENT_TIMESTAMP, CURRENT_TIMESTAMP),
       (42, 2, 42, 'AVAILABLE', CURRENT_TIMESTAMP, CURRENT_TIMESTAMP),
       (43, 2, 43, 'AVAILABLE', CURRENT_TIMESTAMP, CURRENT_TIMESTAMP),
       (44, 2, 44, 'AVAILABLE', CURRENT_TIMESTAMP, CURRENT_TIMESTAMP),
       (45, 2, 45, 'AVAILABLE', CURRENT_TIMESTAMP, CURRENT_TIMESTAMP),
       (46, 2, 46, 'AVAILABLE', CURRENT_TIMESTAMP, CURRENT_TIMESTAMP),
       (47, 2, 47, 'AVAILABLE', CURRENT_TIMESTAMP, CURRENT_TIMESTAMP),
       (48, 2, 48, 'AVAILABLE', CURRENT_TIMESTAMP, CURRENT_TIMESTAMP),
       (49, 2, 49, 'AVAILABLE', CURRENT_TIMESTAMP, CURRENT_TIMESTAMP),
       (50, 2, 50, 'AVAILABLE', CURRENT_TIMESTAMP, CURRENT_TIMESTAMP);

INSERT INTO concert_seats (id, schedule_id, seat_id, status, created_at, updated_at)
VALUES (51, 3, 26, 'AVAILABLE', CURRENT_TIMESTAMP, CURRENT_TIMESTAMP),
       (52, 3, 27, 'AVAILABLE', CURRENT_TIMESTAMP, CURRENT_TIMESTAMP),
       (53, 3, 28, 'AVAILABLE', CURRENT_TIMESTAMP, CURRENT_TIMESTAMP),
       (54, 3, 29, 'AVAILABLE', CURRENT_TIMESTAMP, CURRENT_TIMESTAMP),
       (55, 3, 30, 'AVAILABLE', CURRENT_TIMESTAMP, CURRENT_TIMESTAMP),
       (56, 3, 31, 'AVAILABLE', CURRENT_TIMESTAMP, CURRENT_TIMESTAMP),
       (57, 3, 32, 'AVAILABLE', CURRENT_TIMESTAMP, CURRENT_TIMESTAMP),
       (58, 3, 33, 'AVAILABLE', CURRENT_TIMESTAMP, CURRENT_TIMESTAMP),
       (59, 3, 34, 'AVAILABLE', CURRENT_TIMESTAMP, CURRENT_TIMESTAMP),
       (60, 3, 35, 'AVAILABLE', CURRENT_TIMESTAMP, CURRENT_TIMESTAMP);
